item,itemLabel,startDate,endDate,psid
Q110235475,Hrachya Sargsyan,2021-12-22,,Q110235475-60A05E3D-E85B-44FD-A778-1E3E94F51746
Q1977367,Gagik Beglaryan,2009-06-11,2010-12-08,Q1977367-E70E6CFA-BB9B-4AB9-9D41-D3A5441DE88B
Q1979923,Karen Karapetyan,2010-12-17,2011-11-15,Q1979923-A8658411-F3E5-415A-8EA8-84C8D956E9E2
Q2380073,Yervand Zakharyan,2003-07-01,2009-03-04,Q2380073-ED24D56D-CAF1-444D-99D1-67EFAC2BAE55
Q2830950,Albert Bazeyan,1999-08-09,2001-01-10,Q2830950-FA70BE30-6D12-46F1-B469-39D3F1FA167D
Q3126354,Hambartsoum Galstian,1990-12-04,1992-12-22,Q3126354-B0C64FF9-E28C-4E80-B7A8-CBC765242507
Q3326114,Mourad Mouradian,1975-05-01,1985-12-09,Q3326114-0ACB8615-5784-45D3-88F2-204BFA9DEB35
Q3435991,Robert Nazaryan,2001-01-11,2003-06-30,Q3435991-6A0B291A-12F2-452D-8AE2-BBE998E65C47
Q3505201,Suren Abrahamyan,1998-05-01,1999-06-15,Q3505201-625971E4-EDB2-481F-816A-390361799A17
Q3515771,Taron Margaryan,2011-11-15,2018-07-09,Q3515771-102E5679-F3D8-44B6-9077-B4D6BCD5BC97
Q3553274,Vahagn Khachatryan,1992-12-04,1996-02-22,Q3553274-C878C03E-E94D-4BA3-B7ED-3AA0B45EF278
Q3554632,Vano Siradeghyan,1996-11-14,1998-02-02,Q3554632-0A89D54A-C80B-42A1-887E-C98FAC31C628
Q4069098,Kamo Areyan,2018-07-09,2018-10-10,Q4069098-587ABEF0-F91F-43C7-940E-2FDC2345C53D
Q55651151,Souren Vardanyan,1960-03-22,1962-12-06,Q55651151-1F3B2F6E-DF6D-43FD-99F3-BAF6CB911103
Q5686767,Hayk Marutyan,2018-10-13,2021-12-22,Q5686767-B335CFFD-8AA7-48A4-BF93-59BDAEA94C94
